{
  "Server": {
    "port": 5050,
    "ip": "10.6.6.159",
    "logPath": "/var/log/slamr/slamr-api-gateway",
    "logFile": "slamr-api-gateway-%DATE%.log",
    "loggingLevel": "info",
    "loggingDebugMessageMaxLength": 150,
    "logVerbose": false,
    "useAuthentication": true,
    "open": true,
    "reqTimeout": "10s"
  },
  "AuthServer": {
    "host": "10.6.6.93",
    "port": 8000,
    "route": "/api/auth",
    "apiKey": "eyJhbGciOiJIUzI1NiIsInR5cCI6IkpXVCJ9.eyJzdWIiOiJhZG1pbkBjeXN5c29uZS5uYXJyb3dndC5jb20iLCJpc3MiOiJodHRwczovL25hcnJvd2dhdGV0ZWNoLmNvbS8iLCJjeXN5c19yb2xlcyI6W10sImN5c3lzX2FkbWluIjp0cnVlLCJpYXQiOjE1NDUxMDkwMTUsImV4cCI6MTU1Mjg4NTAxNX0.hzXoy65hdV_BsTkK7eox0C6lhhGxjdMjkQ3qBpgCsz0"
  },
  "JWT": {
    "secret": "./cysys-ngt secret token"
  },
  "RabbitMQ": {
    "username": "radmin",
    "password": "radmin",
    "port": 5672,
    "host": "172.31.200.20",
    "exchangeName": "SLAMREXCH",
    "heartbeat": 60,
    "retryAttempts": 20,
    "retryInterval": 15000,
    "orchSyncRespQueue": "APIGW_OrchSync_Response_Queue",
    "orchSyncRespRoute": "apigateway.orchsync.response",
    "syncRespQueue": "APIGW_Sync_Response_Queue",
    "syncRespRoute": "apigateway.sync.response",
    "asyncEventListenerQueue": "APIGW_Async_Event_Listener_Queue",
    "asyncEventListenerRoute": "#.async.event",
    "matrixRespQueue": "APIGW_matrix_Response_Queue",
    "matrixRoleRespQueue": "APIGW_matrix_Role_Response_Queue",
    "matrixRespRoute": "apigateway.matrix.response",
    "licenseListenerQueue": "APIGW_Licensing_Queue",
    "licenseListenerRoute": "apigateway.licensing.role_response",
    "blindQueue": "APIGW_Blind_Queue",
    "matrixRoleRespRoute": "apigateway.matrix.role_response",
    "logQueue": "APIGW_Log_Queue",
    "logRoute": "#.log",
    "attackEventQueue": "APIGW_Attack_Event_Queue",
    "attackEventRoute": "*.attack_engine.*.message.event.emit",
    "structuredEventQueue": "APIGW_Structured_Event_Queue",
    "structuredEventRoute": "#.structured.event"
  },
  "SocketServer": {
    "port": 5051
  },
  "Policies": {
    "domain": "525e8010-57b8-4bd5-9220-2c7082266c56",
    "device": "72acb4d0-a971-4ab6-933a-3461b75e3151",
    "attack": "e149f3df-a73a-4bc8-99fb-ba73ed0598b7",
    "traffic": "4b559890-9d55-4029-91a6-c9f920650a10",
    "network": "58bddb38-0426-47d8-992e-839e0dca12ae"
  },
  "Matrix": {
    "retryAttempts": 30,
    "retryInterval": 10000
  },
  "License": {
    "retryInterval": 1000,
    "engineering": "0fbf5289-8f79-414d-aca3-cd620c06e177"
  },
  "Paths": {
    "imageManagerImport": "/usr/local/share/slamr/transfer/imports/slamr-image-manager/",
    "imageManagerExport": "/usr/local/share/slamr/transfer/exports/slamr-image-manager/",
    "componentLibrary": "/usr/local/share/slamr/transfer/imports/slamr-component-template-manager/"
  },
  "DownloadServer": {
    "basePath": "/usr/local/share/slamr",
    "port": "3100",
    "Targets": {
      "playbook": "/usr/local/share/slamr/transfer/export/playbooks",
      "attackPlan": "/usr/local/share/slamr/transfer/export/attackplans",
      "trafficProfile": "/usr/local/share/slamr/transfer/exports/slamr-traffic-manager",
      "device": "/usr/local/share/slamr/transfer/exports/slamr-virtual-device-agent",
      "projectDesigner": "/usr/local/share/slamr/transfer/exports/slamr-project-manager"
    }
  }
}
